# -------------------------------------------------权限点表-----------------------------
-- auto-generated definition
create table logi_security_permission
(
    id              int auto_increment
        primary key,
    permission_name varchar(40)                          not null comment '权限名字',
    parent_id       int                                  not null comment '父权限id',
    leaf            tinyint(1)                           not null comment '是否叶子权限点（具体的操作）',
    level           tinyint                              not null comment '权限点的层级（parentId为0的层级为1）',
    description     varchar(64)                          null comment '权限点描述',
    create_time     timestamp  default CURRENT_TIMESTAMP null comment '创建时间',
    update_time     timestamp  default CURRENT_TIMESTAMP null on update CURRENT_TIMESTAMP comment '更新时间',
    is_delete       tinyint(1) default 0                 null comment '逻辑删除',
    app_name        varchar(16)                          null comment '应用名称'
)
    comment '权限表' charset = utf8;

insert into logi_security_permission (id, permission_name, parent_id, leaf, level, description, create_time,
                                      update_time, is_delete, app_name)
values (1593, '物理集群', 0, 0, 1, '物理集群', '2022-05-24 18:08:22.0', '2022-05-24 18:08:22.0', 0, 'know_search'),
       (1595, '我的集群', 0, 0, 1, '我的集群', '2022-05-24 18:08:22.0', '2022-05-24 18:08:22.0', 0, 'know_search'),
       (1597, '集群版本', 0, 0, 1, '集群版本', '2022-05-24 18:08:22.0', '2022-05-24 18:08:22.0', 0, 'know_search'),
       (1599, 'Gateway管理', 0, 0, 1, 'Gateway管理', '2022-05-24 18:08:22.0', '2022-05-24 18:08:22.0', 0, 'know_search'),
       (1601, '模板管理', 0, 0, 1, '模板管理', '2022-05-24 18:08:22.0', '2022-05-24 18:08:22.0', 0, 'know_search'),
       (1603, '模板服务', 0, 0, 1, '模板服务', '2022-05-24 18:08:22.0', '2022-05-24 18:08:22.0', 0, 'know_search'),
       (1605, '索引管理', 0, 0, 1, '索引管理', '2022-05-24 18:08:22.0', '2022-05-24 18:08:22.0', 0, 'know_search'),
       (1607, '索引服务', 0, 0, 1, '索引服务', '2022-05-24 18:08:22.0', '2022-05-24 18:24:16.0', 0, 'know_search'),
       (1609, '索引查询', 0, 0, 1, '索引查询', '2022-05-24 18:08:22.0', '2022-05-24 18:08:22.0', 0, 'know_search'),
       (1611, '查询诊断', 0, 0, 1, '查询诊断', '2022-05-24 18:08:22.0', '2022-05-24 18:08:22.0', 0, 'know_search'),
       (1613, '集群看板', 0, 0, 1, '集群看板', '2022-05-24 18:08:22.0', '2022-05-24 18:08:22.0', 0, 'know_search'),
       (1615, '网关看板', 0, 0, 1, '网关看板', '2022-05-24 18:08:22.0', '2022-05-24 18:08:22.0', 0, 'know_search'),
       (1617, '我的申请', 0, 0, 1, '我的申请', '2022-05-24 18:08:22.0', '2022-05-24 18:08:22.0', 0, 'know_search'),
       (1619, '我的审批', 0, 0, 1, '我的审批', '2022-05-24 18:08:22.0', '2022-05-24 18:08:22.0', 0, 'know_search'),
       (1621, '任务列表', 0, 0, 1, '任务列表', '2022-05-24 18:08:22.0', '2022-05-24 18:08:22.0', 0, 'know_search'),
       (1623, '调度任务列表', 0, 0, 1, '调度任务列表', '2022-05-24 18:08:22.0', '2022-05-24 18:08:22.0', 0, 'know_search'),
       (1625, '调度日志', 0, 0, 1, '调度日志', '2022-05-24 18:08:22.0', '2022-05-24 18:08:22.0', 0, 'know_search'),
       (1627, '用户管理', 0, 0, 1, '用户管理', '2022-05-24 18:08:22.0', '2022-05-24 18:08:22.0', 0, 'know_search'),
       (1629, '角色管理', 0, 0, 1, '角色管理', '2022-05-24 18:08:22.0', '2022-05-24 18:08:22.0', 0, 'know_search'),
       (1631, '应用管理', 0, 0, 1, '应用管理', '2022-05-24 18:08:22.0', '2022-05-24 18:08:22.0', 0, 'know_search'),
       (1633, '平台配置', 0, 0, 1, '平台配置', '2022-05-24 18:08:22.0', '2022-05-24 18:08:22.0', 0, 'know_search'),
       (1635, '操作记录', 0, 0, 1, '操作记录', '2022-05-24 18:08:22.0', '2022-05-24 18:08:22.0', 0, 'know_search'),
       (1637, '查看集群列表及详情', 1593, 1, 2, '查看集群列表及详情', '2022-05-24 18:08:22.0', '2022-05-24 18:10:32.0', 0, 'know_search'),
       (1639, '接入集群', 1593, 1, 2, '接入集群', '2022-05-24 18:08:22.0', '2022-05-24 18:10:32.0', 0, 'know_search'),
       (1641, '新建集群', 1593, 1, 2, '新建集群', '2022-05-24 18:08:22.0', '2022-05-24 18:10:32.0', 0, 'know_search'),
       (1643, '扩缩容', 1593, 1, 2, '扩缩容', '2022-05-24 18:08:22.0', '2022-05-24 18:10:32.0', 0, 'know_search'),
       (1645, '升级', 1593, 1, 2, '升级', '2022-05-24 18:08:22.0', '2022-05-24 18:10:32.0', 0, 'know_search'),
       (1647, '重启', 1593, 1, 2, '重启', '2022-05-24 18:08:23.0', '2022-05-24 18:10:32.0', 0, 'know_search'),
       (1649, '配置变更', 1593, 1, 2, '配置变更', '2022-05-24 18:08:23.0', '2022-05-24 18:10:32.0', 0, 'know_search'),
       (1651, 'Region划分', 1593, 1, 2, 'Region划分', '2022-05-24 18:08:23.0', '2022-05-24 18:10:32.0', 0, 'know_search'),
       (1653, 'Region管理', 1593, 1, 2, 'Region管理', '2022-05-24 18:08:23.0', '2022-05-24 18:10:32.0', 0, 'know_search'),
       (1655, '快捷命令', 1593, 1, 2, '快捷命令', '2022-05-24 18:08:23.0', '2022-05-24 18:10:32.0', 0, 'know_search'),
       (1657, '编辑', 1593, 1, 2, '编辑', '2022-05-24 18:08:23.0', '2022-05-24 18:10:32.0', 0, 'know_search'),
       (1659, '绑定Gateway', 1593, 1, 2, '绑定Gateway', '2022-05-24 18:08:23.0', '2022-05-24 18:10:32.0', 0, 'know_search'),
       (1661, '下线', 1593, 1, 2, '下线', '2022-05-24 18:08:23.0', '2022-05-24 18:10:52.0', 0, 'know_search'),
       (1663, '查看集群列表及详情', 1595, 1, 2, '查看集群列表及详情', '2022-05-24 18:08:23.0', '2022-05-24 18:10:52.0', 0, 'know_search'),
       (1665, '申请集群', 1595, 1, 2, '申请集群', '2022-05-24 18:08:23.0', '2022-05-24 18:10:52.0', 0, 'know_search'),
       (1667, '编辑', 1595, 1, 2, '编辑', '2022-05-24 18:08:23.0', '2022-05-24 18:10:52.0', 0, 'know_search'),
       (1669, '扩缩容', 1595, 1, 2, '扩缩容', '2022-05-24 18:08:23.0', '2022-05-24 18:10:52.0', 0, 'know_search'),
       (1671, '下线', 1595, 1, 2, '下线', '2022-05-24 18:08:23.0', '2022-05-24 18:20:44.0', 0, 'know_search'),
       (1673, '查看版本列表', 1597, 1, 2, '查看版本列表', '2022-05-24 18:08:23.0', '2022-05-24 18:20:44.0', 0, 'know_search'),
       (1675, '新增版本', 1597, 1, 2, '新增版本', '2022-05-24 18:08:23.0', '2022-05-24 18:20:44.0', 0, 'know_search'),
       (1677, '编辑', 1597, 1, 2, '编辑', '2022-05-24 18:08:23.0', '2022-05-24 18:20:44.0', 0, 'know_search'),
       (1679, '删除', 1597, 1, 2, '删除', '2022-05-24 18:08:23.0', '2022-05-24 18:20:45.0', 0, 'know_search'),
       (1681, '查看Gateway 集群列表', 1599, 1, 2, '查看Gateway 集群列表', '2022-05-24 18:08:23.0', '2022-05-24 18:20:45.0', 0,
        'know_search'),
       (1683, '接入gateway', 1599, 1, 2, '接入gateway', '2022-05-24 18:08:23.0', '2022-05-24 18:20:45.0', 0, 'know_search'),
       (1685, '编辑', 1599, 1, 2, '编辑', '2022-05-24 18:08:23.0', '2022-05-24 18:20:45.0', 0, 'know_search'),
       (1687, '下线', 1599, 1, 2, '下线', '2022-05-24 18:08:23.0', '2022-05-24 18:20:45.0', 0, 'know_search'),
       (1689, '查看模板列表及详情', 1601, 1, 2, '查看模板列表及详情', '2022-05-24 18:08:23.0', '2022-05-24 18:20:45.0', 0, 'know_search'),
       (1691, '申请模板', 1601, 1, 2, '申请模板', '2022-05-24 18:08:23.0', '2022-05-24 18:20:45.0', 0, 'know_search'),
       (1693, '编辑', 1601, 1, 2, '编辑', '2022-05-24 18:08:23.0', '2022-05-24 18:20:45.0', 0, 'know_search'),
       (1695, '下线', 1601, 1, 2, '下线', '2022-05-24 18:08:23.0', '2022-05-24 18:20:45.0', 0, 'know_search'),
       (1697, '编辑Mapping', 1601, 1, 2, '编辑Mapping', '2022-05-24 18:08:23.0', '2022-05-24 18:20:45.0', 0, 'know_search'),
       (1699, '编辑Setting', 1601, 1, 2, '编辑Setting', '2022-05-24 18:08:23.0', '2022-05-24 18:20:45.0', 0, 'know_search'),
       (1701, '查看模板列表', 1603, 1, 2, '查看模板列表', '2022-05-24 18:08:23.0', '2022-05-24 18:20:45.0', 0, 'know_search'),
       (1703, '开关：预创建', 1603, 1, 2, '开关：预创建', '2022-05-24 18:08:23.0', '2022-06-14 16:49:48.0', 0, 'know_search'),
       (1705, '开关：过期删除', 1603, 1, 2, '开关：过期删除', '2022-05-24 18:08:23.0', '2022-05-24 18:20:45.0', 0, 'know_search'),
       (1707, '开关：冷热分离', 1603, 1, 2, '开关：冷热分离', '2022-05-24 18:08:23.0', '2022-05-24 18:20:45.0', 0, 'know_search'),
       (1709, '开关：pipeline', 1603, 1, 2, '开关：写入限流', '2022-05-24 18:08:23.0', '2022-06-14 16:49:49.0', 0, 'know_search'),
       (1711, '开关：Rollover', 1603, 1, 2, '开关：Rollover', '2022-05-24 18:08:23.0', '2022-05-24 18:20:45.0', 0,
        'know_search'),
       (1713, '查看DCDR链路', 1603, 1, 2, '查看DCDR链路', '2022-05-24 18:08:23.0', '2022-05-24 18:20:46.0', 0, 'know_search'),
       (1715, '创建DCDR链路', 1603, 1, 2, '创建DCDR链路', '2022-05-24 18:08:24.0', '2022-05-24 18:20:45.0', 0, 'know_search'),
       (1717, '清理', 1603, 1, 2, '清理', '2022-05-24 18:08:24.0', '2022-05-24 18:20:46.0', 0, 'know_search'),
       (1719, '扩缩容', 1603, 1, 2, '扩缩容', '2022-05-24 18:08:24.0', '2022-05-24 18:20:46.0', 0, 'know_search'),
       (1721, '升版本', 1603, 1, 2, '升版本', '2022-05-24 18:08:24.0', '2022-05-24 18:20:46.0', 0, 'know_search'),
       (1723, '批量操作', 1603, 1, 2, '批量操作', '2022-05-24 18:08:24.0', '2022-05-24 18:20:46.0', 0, 'know_search'),
       (1725, '查看索引列表及详情', 1605, 1, 2, '查看索引列表及详情', '2022-05-24 18:08:24.0', '2022-05-24 18:20:46.0', 0, 'know_search'),
       (1727, '编辑Mapping', 1605, 1, 2, '编辑Mapping', '2022-05-24 18:08:24.0', '2022-05-24 18:20:46.0', 0, 'know_search'),
       (1729, '编辑Setting', 1605, 1, 2, '编辑Setting', '2022-05-24 18:08:24.0', '2022-05-24 18:20:46.0', 0, 'know_search'),
       (1731, '禁用读', 1607, 1, 2, '禁用读', '2022-05-24 18:08:24.0', '2022-07-15 08:50:56.0', 0, 'know_search'),
       (1733, '禁用写', 1607, 1, 2, '禁用写', '2022-05-24 18:08:24.0', '2022-07-15 08:50:56.0', 0, 'know_search'),
       (1735, '设置别名', 1605, 1, 2, '设置别名', '2022-05-24 18:08:24.0', '2022-05-24 18:20:46.0', 0, 'know_search'),
       (1737, '删除别名', 1605, 1, 2, '删除别名', '2022-05-24 18:08:24.0', '2022-05-24 18:20:46.0', 0, 'know_search'),
       (1739, '关闭索引', 1607, 1, 2, '关闭索引', '2022-05-24 18:08:24.0', '2022-07-15 09:52:25.0', 0, 'know_search'),
       (1741, '下线', 1605, 1, 2, '下线', '2022-05-24 18:08:24.0', '2022-05-24 18:20:46.0', 0, 'know_search'),
       (1743, '批量删除', 1605, 1, 2, '批量删除', '2022-05-24 18:08:24.0', '2022-05-24 18:20:46.0', 0, 'know_search'),
       (1745, '查看列表', 1607, 1, 2, '查看列表', '2022-05-24 18:08:24.0', '2022-05-24 18:20:46.0', 0, 'know_search'),
       (1747, '执行Rollover', 1607, 1, 2, '执行Rollover', '2022-05-24 18:08:24.0', '2022-05-24 18:20:46.0', 0,
        'know_search'),
       (1749, '执行shrink', 1607, 1, 2, '执行shrink', '2022-05-24 18:08:24.0', '2022-05-24 18:20:46.0', 0, 'know_search'),
       (1751, '执行split', 1607, 1, 2, '执行split', '2022-05-24 18:08:24.0', '2022-05-24 18:20:46.0', 0, 'know_search'),
       (1753, '执行ForceMerge', 1607, 1, 2, '执行ForceMerge', '2022-05-24 18:08:24.0', '2022-05-24 18:20:47.0', 0,
        'know_search'),
       (1755, '批量执行', 1607, 1, 2, '批量执行', '2022-05-24 18:08:24.0', '2022-05-24 18:20:47.0', 0, 'know_search'),
       (1757, 'DSL查询', 1609, 1, 2, 'DSL查询', '2022-05-24 18:08:24.0', '2022-06-14 16:39:48.0', 0, 'know_search'),
       (1759, '查看查询模板列表', 1611, 1, 2, '查看查询模板列表', '2022-05-24 18:08:24.0', '2022-06-14 16:40:21.0', 0, 'know_search'),
       (1761, '查看集群看板', 1613, 1, 2, '查看集群看板', '2022-05-24 18:08:24.0', '2022-06-14 16:37:54.0', 0, 'know_search'),
       (1763, '查看网关看板', 1615, 1, 2, '查看网关看板', '2022-05-24 18:08:24.0', '2022-06-14 16:38:14.0', 0, 'know_search'),
       (1765, '查看我的申请列表', 1617, 1, 2, '查看我的申请列表', '2022-05-24 18:08:24.0', '2022-05-24 18:20:47.0', 0, 'know_search'),
       (1767, '撤回', 1617, 1, 2, '撤回', '2022-05-24 18:08:24.0', '2022-05-24 18:20:47.0', 0, 'know_search'),
       (1769, '查看我的审批列表', 1619, 1, 2, '查看我的审批列表', '2022-05-24 18:08:24.0', '2022-05-24 18:20:47.0', 0, 'know_search'),
       (1771, '驳回', 1619, 1, 2, '撤回', '2022-05-24 18:08:24.0', '2022-07-18 20:57:33.0', 0, 'know_search'),
       (1773, '通过', 1619, 1, 2, '通过', '2022-05-24 18:08:24.0', '2022-05-24 18:20:47.0', 0, 'know_search'),
       (1775, '查看任务列表', 1621, 1, 2, '查看任务列表', '2022-05-24 18:08:24.0', '2022-05-24 18:20:47.0', 0, 'know_search'),
       (1777, '查看进度', 1621, 1, 2, '查看进度', '2022-05-24 18:08:24.0', '2022-05-24 18:20:47.0', 0, 'know_search'),
       (1779, '执行', 1621, 1, 2, '执行', '2022-05-24 18:08:24.0', '2022-05-24 18:20:47.0', 0, 'know_search'),
       (1781, '暂停', 1621, 1, 2, '暂停', '2022-05-24 18:08:24.0', '2022-05-24 18:20:47.0', 0, 'know_search'),
       (1783, '重试', 1621, 1, 2, '重试', '2022-05-24 18:08:25.0', '2022-05-24 18:20:47.0', 0, 'know_search'),
       (1785, '取消', 1621, 1, 2, '取消', '2022-05-24 18:08:25.0', '2022-05-24 18:20:47.0', 0, 'know_search'),
       (1787, '查看日志（子任务）', 1621, 1, 2, '查看日志（子任务）', '2022-05-24 18:08:25.0', '2022-05-24 18:20:47.0', 0, 'know_search'),
       (1789, '重试（子任务）', 1621, 1, 2, '重试（子任务）', '2022-05-24 18:08:25.0', '2022-05-24 18:20:48.0', 0, 'know_search'),
       (1791, '忽略（子任务）', 1621, 1, 2, '忽略（子任务）', '2022-05-24 18:08:25.0', '2022-05-24 18:20:48.0', 0, 'know_search'),
       (1793, '查看详情（DCDR）', 1621, 1, 2, '查看详情（DCDR）', '2022-05-24 18:08:25.0', '2022-05-24 18:20:48.0', 0,
        'know_search'),
       (1795, '取消（DCDR）', 1621, 1, 2, '取消（DCDR）', '2022-05-24 18:08:25.0', '2022-05-24 18:20:48.0', 0, 'know_search'),
       (1797, '重试（DCDR）', 1621, 1, 2, '重试（DCDR）', '2022-05-24 18:08:25.0', '2022-05-24 18:20:48.0', 0, 'know_search'),
       (1799, '强切（DCDR）', 1621, 1, 2, '强切（DCDR）', '2022-05-24 18:08:25.0', '2022-05-24 18:20:48.0', 0, 'know_search'),
       (1801, '返回（DCDR）', 1621, 1, 2, '返回（DCDR）', '2022-05-24 18:08:25.0', '2022-05-24 18:20:48.0', 0, 'know_search'),
       (1803, '查看任务列表', 1623, 1, 2, '查看任务列表', '2022-05-24 18:08:25.0', '2022-05-24 18:20:48.0', 0, 'know_search'),
       (1805, '查看日志', 1623, 1, 2, '查看日志', '2022-05-24 18:08:25.0', '2022-05-24 18:20:48.0', 0, 'know_search'),
       (1807, '执行', 1623, 1, 2, '执行', '2022-05-24 18:08:25.0', '2022-05-24 18:20:48.0', 0, 'know_search'),
       (1809, '暂停', 1623, 1, 2, '暂停', '2022-05-24 18:08:25.0', '2022-05-24 18:20:48.0', 0, 'know_search'),
       (1811, '查看调度日志列表', 1625, 1, 2, '查看调度日志列表', '2022-05-24 18:08:25.0', '2022-05-24 18:20:48.0', 0, 'know_search'),
       (1813, '调度详情', 1625, 1, 2, '调度详情', '2022-05-24 18:08:25.0', '2022-05-24 18:20:48.0', 0, 'know_search'),
       (1815, '执行日志', 1625, 1, 2, '执行日志', '2022-05-24 18:08:25.0', '2022-05-24 18:20:48.0', 0, 'know_search'),
       (1817, '终止任务', 1625, 1, 2, '终止任务', '2022-05-24 18:08:25.0', '2022-05-24 18:20:48.0', 0, 'know_search'),
       (1819, '查看用户列表', 1627, 1, 2, '查看用户列表', '2022-05-24 18:08:25.0', '2022-05-24 18:20:48.0', 0, 'know_search'),
       (1821, '分配角色', 1627, 1, 2, '分配角色', '2022-05-24 18:08:25.0', '2022-05-24 18:20:48.0', 0, 'know_search'),
       (1823, '查看角色列表', 1629, 1, 2, '查看角色列表', '2022-05-24 18:08:25.0', '2022-05-24 18:20:48.0', 0, 'know_search'),
       (1825, '编辑', 1629, 1, 2, '编辑', '2022-05-24 18:08:25.0', '2022-05-24 18:20:49.0', 0, 'know_search'),
       (1827, '绑定用户', 1629, 1, 2, '绑定用户', '2022-05-24 18:08:25.0', '2022-05-24 18:20:49.0', 0, 'know_search'),
       (1829, '回收用户', 1629, 1, 2, '回收用户', '2022-05-24 18:08:25.0', '2022-05-24 18:20:49.0', 0, 'know_search'),
       (1831, '删除角色', 1629, 1, 2, '删除角色', '2022-05-24 18:08:25.0', '2022-05-24 18:20:49.0', 0, 'know_search'),
       (1833, '查看应用列表', 1631, 1, 2, '查看应用列表', '2022-05-24 18:08:25.0', '2022-05-24 18:20:49.0', 0, 'know_search'),
       (1835, '新建应用', 1631, 1, 2, '新建应用', '2022-05-24 18:08:25.0', '2022-05-24 18:20:49.0', 0, 'know_search'),
       (1837, '编辑', 1631, 1, 2, '编辑', '2022-05-24 18:08:25.0', '2022-05-24 18:20:49.0', 0, 'know_search'),
       (1839, '删除', 1631, 1, 2, '删除', '2022-05-24 18:08:25.0', '2022-05-24 18:20:49.0', 0, 'know_search'),
       (1841, '访问设置', 1631, 1, 2, '访问设置', '2022-05-24 18:08:25.0', '2022-05-24 18:20:49.0', 0, 'know_search'),
       (1843, '查看平台配置列表', 1633, 1, 2, '查看平台配置列表', '2022-05-24 18:08:25.0', '2022-05-24 18:20:49.0', 0, 'know_search'),
       (1845, '新增平台配置', 1633, 1, 2, '新增平台配置', '2022-05-24 18:08:25.0', '2022-05-24 18:20:49.0', 0, 'know_search'),
       (1847, '禁用平台配置', 1633, 1, 2, '禁用平台配置', '2022-05-24 18:08:25.0', '2022-05-24 18:20:49.0', 0, 'know_search'),
       (1849, '编辑平台配置', 1633, 1, 2, '编辑平台配置', '2022-05-24 18:08:25.0', '2022-05-24 18:20:49.0', 0, 'know_search'),
       (1851, '删除平台配置', 1633, 1, 2, '删除平台配置', '2022-05-24 18:08:26.0', '2022-05-24 18:20:49.0', 0, 'know_search'),
       (1853, '查看操作记录列表', 1635, 1, 2, '查看操作记录列表', '2022-05-24 18:08:26.0', '2022-05-24 18:23:34.0', 0, 'know_search'),
       (1855, 'Kibana', 1609, 1, 2, 'Kibana', '2022-05-24 18:08:26.0', '2022-06-14 16:44:02.0', 0, 'know_search'),
       (1857, 'SQL查询', 1609, 1, 2, 'SQL查询', '2022-05-24 18:08:26.0', '2022-06-14 16:44:02.0', 0, 'know_search'),
       (1859, '批量修改限流值', 1611, 1, 2, '批量修改限流值', '2022-05-24 18:08:26.0', '2022-06-14 16:44:02.0', 0, 'know_search'),
       (1861, '禁用', 1611, 1, 2, '禁用', '2022-05-24 18:08:26.0', '2022-06-14 16:44:02.0', 0, 'know_search'),
       (1863, '修改限流值', 1611, 1, 2, '修改限流值', '2022-05-24 18:08:26.0', '2022-06-14 16:44:02.0', 0, 'know_search'),
       (1865, '查看异常查询列表', 1611, 1, 2, '查看异常查询列表', '2022-05-24 18:08:26.0', '2022-06-14 16:44:02.0', 0, 'know_search'),
       (1867, '查看慢查询列表', 1611, 1, 2, '查看慢查询列表', '2022-05-24 18:08:26.0', '2022-06-14 16:44:21.0', 0, 'know_search'),
       (1869, '新增角色', 1629, 1, 2, '新增角色', '2022-05-24 18:08:26.0', '2022-05-24 18:23:34.0', 0, 'know_search'),
       (1871, 'Dashboard', 0, 0, 1, '查看dashboard', '2022-05-24 18:08:26.0', '2022-07-19 11:37:01.0', 0, 'know_search'),
       (1873, '新建索引', 1605, 1, 2, '新建索引', '2022-05-24 18:08:26.0', '2022-05-24 18:23:34.0', 0, 'know_search'),
       (1875, '查看dashboard', 1871, 1, 2, '查看dashboard', '2022-05-24 18:08:24.0', '2022-05-24 18:20:47.0', 0,
        'know_search');


# ---------------------------------------------角色表------------------------------
-- auto-generated definition
create table logi_security_role
(
    id           int auto_increment
        primary key,
    role_code    varchar(128)                         not null comment '角色编号',
    role_name    varchar(128)                         not null comment '名称',
    description  varchar(128)                         null comment '角色描述',
    last_reviser varchar(30)                          null comment '最后修改人',
    create_time  timestamp  default CURRENT_TIMESTAMP null comment '创建时间',
    update_time  timestamp  default CURRENT_TIMESTAMP null on update CURRENT_TIMESTAMP comment '更新时间',
    is_delete    tinyint(1) default 0                 not null comment '逻辑删除',
    app_name     varchar(16)                          null comment '应用名称'
)
    comment '角色信息' charset = utf8;
insert into es_manager_test.logi_security_role (id, role_code, role_name, description, last_reviser, create_time,
                                                update_time, is_delete, app_name)
values (1, 'r14715628', '管理员', '管理员', 'admin', '2022-06-01 21:19:42.0', '2022-07-06 22:23:59.0', 0, 'know_search'),
       (2, 'r14481382', '资源owner', '普通用户拥有的最大权限', 'admin', '2022-06-14 18:08:56.0', '2022-07-06 20:36:31.0', 0,
        'know_search');

# --------------------------------------角色权限点关联表-------------------------------
-- auto-generated definition
create table logi_security_role_permission
(
    id            int auto_increment
        primary key,
    role_id       int                                  not null comment '角色id',
    permission_id int                                  not null comment '权限id',
    create_time   timestamp  default CURRENT_TIMESTAMP null comment '创建时间',
    update_time   timestamp  default CURRENT_TIMESTAMP null on update CURRENT_TIMESTAMP comment '更新时间',
    is_delete     tinyint(1) default 0                 not null comment '逻辑删除',
    app_name      varchar(16)                          null comment '应用名称'
)
    comment '角色权限表（只保留叶子权限与角色关系）' charset = utf8;
insert into es_manager_test.logi_security_role_permission (id, role_id, permission_id, create_time, update_time,
                                                           is_delete, app_name)
values (1597, 1, 0, '2022-06-01 21:19:42.0', '2022-06-23 09:15:36.0', 1, 'know_search'),
       (1935, 1, 1593, '2022-06-14 17:41:03.0', '2022-06-23 09:15:36.0', 0, 'know_search'),
       (1937, 1, 1637, '2022-06-14 17:41:03.0', '2022-06-23 09:15:36.0', 0, 'know_search'),
       (1939, 1, 1639, '2022-06-14 17:41:03.0', '2022-06-23 09:15:36.0', 0, 'know_search'),
       (1941, 1, 1641, '2022-06-14 17:41:03.0', '2022-06-23 09:15:36.0', 0, 'know_search'),
       (1943, 1, 1643, '2022-06-14 17:41:03.0', '2022-06-23 09:15:36.0', 0, 'know_search'),
       (1945, 1, 1645, '2022-06-14 17:41:03.0', '2022-06-23 09:15:36.0', 0, 'know_search'),
       (1947, 1, 1647, '2022-06-14 17:41:03.0', '2022-06-23 09:15:36.0', 0, 'know_search'),
       (1949, 1, 1649, '2022-06-14 17:41:03.0', '2022-06-23 09:15:36.0', 0, 'know_search'),
       (1951, 1, 1651, '2022-06-14 17:41:03.0', '2022-06-23 09:15:36.0', 0, 'know_search'),
       (1953, 1, 1653, '2022-06-14 17:41:03.0', '2022-06-23 09:15:36.0', 0, 'know_search'),
       (1955, 1, 1655, '2022-06-14 17:41:03.0', '2022-06-23 09:15:36.0', 0, 'know_search'),
       (1957, 1, 1657, '2022-06-14 17:41:03.0', '2022-06-23 09:15:36.0', 0, 'know_search'),
       (1959, 1, 1659, '2022-06-14 17:41:03.0', '2022-07-18 17:12:20.0', 1, 'know_search'),
       (1961, 1, 1661, '2022-06-14 17:41:03.0', '2022-06-23 09:15:36.0', 0, 'know_search'),
       (1963, 1, 1597, '2022-06-14 17:41:03.0', '2022-06-23 09:15:36.0', 0, 'know_search'),
       (1965, 1, 1673, '2022-06-14 17:41:03.0', '2022-06-23 09:15:36.0', 0, 'know_search'),
       (1967, 1, 1675, '2022-06-14 17:41:03.0', '2022-06-23 09:15:36.0', 0, 'know_search'),
       (1969, 1, 1677, '2022-06-14 17:41:03.0', '2022-06-23 09:15:36.0', 0, 'know_search'),
       (1971, 1, 1679, '2022-06-14 17:41:03.0', '2022-06-23 09:15:36.0', 0, 'know_search'),
       (1973, 1, 1599, '2022-06-14 17:41:03.0', '2022-07-18 17:12:47.0', 1, 'know_search'),
       (1975, 1, 1681, '2022-06-14 17:41:03.0', '2022-06-23 09:15:36.0', 0, 'know_search'),
       (1977, 1, 1683, '2022-06-14 17:41:03.0', '2022-06-23 09:15:36.0', 0, 'know_search'),
       (1979, 1, 1685, '2022-06-14 17:41:03.0', '2022-06-23 09:15:36.0', 0, 'know_search'),
       (1981, 1, 1687, '2022-06-14 17:41:03.0', '2022-06-23 09:15:36.0', 0, 'know_search'),
       (1983, 1, 1601, '2022-06-14 17:41:03.0', '2022-07-15 08:45:07.0', 1, 'know_search'),
       (1985, 1, 1689, '2022-06-14 17:41:03.0', '2022-07-15 08:45:07.0', 1, 'know_search'),
       (1987, 1, 1691, '2022-06-14 17:41:03.0', '2022-07-15 08:45:07.0', 1, 'know_search'),
       (1989, 1, 1693, '2022-06-14 17:41:03.0', '2022-07-15 08:45:07.0', 1, 'know_search'),
       (1991, 1, 1695, '2022-06-14 17:41:03.0', '2022-07-15 08:45:07.0', 1, 'know_search'),
       (1993, 1, 1697, '2022-06-14 17:41:03.0', '2022-07-15 08:45:07.0', 1, 'know_search'),
       (1995, 1, 1699, '2022-06-14 17:41:03.0', '2022-07-15 08:45:07.0', 1, 'know_search'),
       (1997, 1, 1603, '2022-06-14 17:41:03.0', '2022-06-23 09:15:36.0', 0, 'know_search'),
       (1999, 1, 1701, '2022-06-14 17:41:03.0', '2022-06-23 09:15:36.0', 0, 'know_search'),
       (2001, 1, 1703, '2022-06-14 17:41:03.0', '2022-06-23 09:15:36.0', 0, 'know_search'),
       (2003, 1, 1705, '2022-06-14 17:41:03.0', '2022-06-23 09:15:36.0', 0, 'know_search'),
       (2005, 1, 1707, '2022-06-14 17:41:03.0', '2022-06-23 09:15:36.0', 0, 'know_search'),
       (2007, 1, 1709, '2022-06-14 17:41:03.0', '2022-06-23 09:15:36.0', 0, 'know_search'),
       (2009, 1, 1711, '2022-06-14 17:41:03.0', '2022-06-23 09:15:36.0', 0, 'know_search'),
       (2011, 1, 1713, '2022-06-14 17:41:03.0', '2022-06-23 09:15:36.0', 0, 'know_search'),
       (2013, 1, 1715, '2022-06-14 17:41:03.0', '2022-06-23 09:15:36.0', 0, 'know_search'),
       (2015, 1, 1717, '2022-06-14 17:41:03.0', '2022-06-23 09:15:36.0', 0, 'know_search'),
       (2017, 1, 1719, '2022-06-14 17:41:03.0', '2022-06-23 09:15:36.0', 0, 'know_search'),
       (2019, 1, 1721, '2022-06-14 17:41:03.0', '2022-06-23 09:15:36.0', 0, 'know_search'),
       (2021, 1, 1723, '2022-06-14 17:41:03.0', '2022-06-23 09:15:36.0', 0, 'know_search'),
       (2023, 1, 1605, '2022-06-14 17:41:03.0', '2022-06-23 09:15:36.0', 0, 'know_search'),
       (2025, 1, 1725, '2022-06-14 17:41:03.0', '2022-06-23 09:15:36.0', 0, 'know_search'),
       (2027, 1, 1727, '2022-06-14 17:41:03.0', '2022-06-23 09:15:36.0', 0, 'know_search'),
       (2029, 1, 1729, '2022-06-14 17:41:03.0', '2022-06-23 09:15:36.0', 0, 'know_search'),
       (2031, 1, 1731, '2022-06-14 17:41:03.0', '2022-06-23 09:15:36.0', 0, 'know_search'),
       (2033, 1, 1733, '2022-06-14 17:41:03.0', '2022-06-23 09:15:36.0', 0, 'know_search'),
       (2035, 1, 1735, '2022-06-14 17:41:03.0', '2022-06-23 09:15:36.0', 0, 'know_search'),
       (2037, 1, 1737, '2022-06-14 17:41:03.0', '2022-06-23 09:15:36.0', 0, 'know_search'),
       (2039, 1, 1739, '2022-06-14 17:41:03.0', '2022-06-23 09:15:36.0', 0, 'know_search'),
       (2041, 1, 1741, '2022-06-14 17:41:03.0', '2022-06-23 09:15:36.0', 0, 'know_search'),
       (2043, 1, 1743, '2022-06-14 17:41:03.0', '2022-06-23 09:15:36.0', 0, 'know_search'),
       (2045, 1, 1607, '2022-06-14 17:41:03.0', '2022-06-23 09:15:36.0', 0, 'know_search'),
       (2047, 1, 1745, '2022-06-14 17:41:03.0', '2022-06-23 09:15:36.0', 0, 'know_search'),
       (2049, 1, 1747, '2022-06-14 17:41:03.0', '2022-06-23 09:15:36.0', 0, 'know_search'),
       (2051, 1, 1749, '2022-06-14 17:41:03.0', '2022-06-23 09:15:36.0', 0, 'know_search'),
       (2053, 1, 1751, '2022-06-14 17:41:03.0', '2022-06-23 09:15:36.0', 0, 'know_search'),
       (2055, 1, 1753, '2022-06-14 17:41:03.0', '2022-06-23 09:15:36.0', 0, 'know_search'),
       (2057, 1, 1755, '2022-06-14 17:41:03.0', '2022-06-23 09:15:36.0', 0, 'know_search'),
       (2059, 1, 1609, '2022-06-14 17:41:03.0', '2022-06-23 09:15:36.0', 0, 'know_search'),
       (2061, 1, 1757, '2022-06-14 17:41:03.0', '2022-06-23 09:15:36.0', 0, 'know_search'),
       (2063, 1, 1855, '2022-06-14 17:41:03.0', '2022-06-23 09:15:36.0', 0, 'know_search'),
       (2065, 1, 1857, '2022-06-14 17:41:03.0', '2022-06-23 09:15:36.0', 0, 'know_search'),
       (2067, 1, 1611, '2022-06-14 17:41:03.0', '2022-06-23 09:15:36.0', 0, 'know_search'),
       (2069, 1, 1759, '2022-06-14 17:41:03.0', '2022-06-23 09:15:36.0', 0, 'know_search'),
       (2071, 1, 1859, '2022-06-14 17:41:03.0', '2022-06-23 09:15:36.0', 0, 'know_search'),
       (2073, 1, 1861, '2022-06-14 17:41:03.0', '2022-06-23 09:15:36.0', 0, 'know_search'),
       (2075, 1, 1863, '2022-06-14 17:41:03.0', '2022-06-23 09:15:36.0', 0, 'know_search'),
       (2077, 1, 1865, '2022-06-14 17:41:03.0', '2022-06-23 09:15:36.0', 0, 'know_search'),
       (2079, 1, 1867, '2022-06-14 17:41:03.0', '2022-06-23 09:15:36.0', 0, 'know_search'),
       (2081, 1, 1613, '2022-06-14 17:41:03.0', '2022-06-23 09:15:36.0', 0, 'know_search'),
       (2083, 1, 1761, '2022-06-14 17:41:03.0', '2022-06-23 09:15:36.0', 0, 'know_search'),
       (2085, 1, 1615, '2022-06-14 17:41:03.0', '2022-06-23 09:15:36.0', 0, 'know_search'),
       (2087, 1, 1763, '2022-06-14 17:41:03.0', '2022-06-23 09:15:36.0', 0, 'know_search'),
       (2089, 1, 1619, '2022-06-14 17:41:03.0', '2022-06-23 09:15:36.0', 0, 'know_search'),
       (2091, 1, 1769, '2022-06-14 17:41:03.0', '2022-06-23 09:15:36.0', 0, 'know_search'),
       (2093, 1, 1771, '2022-06-14 17:41:03.0', '2022-06-23 09:15:36.0', 0, 'know_search'),
       (2095, 1, 1773, '2022-06-14 17:41:03.0', '2022-06-23 09:15:36.0', 0, 'know_search'),
       (2097, 1, 1621, '2022-06-14 17:41:03.0', '2022-06-23 09:15:36.0', 0, 'know_search'),
       (2099, 1, 1775, '2022-06-14 17:41:03.0', '2022-06-23 09:15:36.0', 0, 'know_search'),
       (2101, 1, 1777, '2022-06-14 17:41:03.0', '2022-06-23 09:15:36.0', 0, 'know_search'),
       (2103, 1, 1779, '2022-06-14 17:41:03.0', '2022-06-23 09:15:36.0', 0, 'know_search'),
       (2105, 1, 1781, '2022-06-14 17:41:03.0', '2022-06-23 09:15:36.0', 0, 'know_search'),
       (2107, 1, 1783, '2022-06-14 17:41:03.0', '2022-06-23 09:15:36.0', 0, 'know_search'),
       (2109, 1, 1785, '2022-06-14 17:41:03.0', '2022-06-23 09:15:36.0', 0, 'know_search'),
       (2111, 1, 1787, '2022-06-14 17:41:03.0', '2022-06-23 09:15:36.0', 0, 'know_search'),
       (2113, 1, 1789, '2022-06-14 17:41:03.0', '2022-06-23 09:15:36.0', 0, 'know_search'),
       (2115, 1, 1791, '2022-06-14 17:41:03.0', '2022-06-23 09:15:36.0', 0, 'know_search'),
       (2117, 1, 1793, '2022-06-14 17:41:03.0', '2022-06-23 09:15:36.0', 0, 'know_search'),
       (2119, 1, 1795, '2022-06-14 17:41:03.0', '2022-06-23 09:15:36.0', 0, 'know_search'),
       (2121, 1, 1797, '2022-06-14 17:41:03.0', '2022-06-23 09:15:36.0', 0, 'know_search'),
       (2123, 1, 1799, '2022-06-14 17:41:03.0', '2022-06-23 09:15:36.0', 0, 'know_search'),
       (2125, 1, 1801, '2022-06-14 17:41:03.0', '2022-06-23 09:15:36.0', 0, 'know_search'),
       (2127, 1, 1623, '2022-06-14 17:41:03.0', '2022-06-23 09:15:36.0', 0, 'know_search'),
       (2129, 1, 1803, '2022-06-14 17:41:03.0', '2022-06-23 09:15:36.0', 0, 'know_search'),
       (2131, 1, 1805, '2022-06-14 17:41:03.0', '2022-06-23 09:15:36.0', 0, 'know_search'),
       (2133, 1, 1807, '2022-06-14 17:41:03.0', '2022-06-23 09:15:36.0', 0, 'know_search'),
       (2135, 1, 1809, '2022-06-14 17:41:03.0', '2022-06-23 09:15:36.0', 0, 'know_search'),
       (2137, 1, 1625, '2022-06-14 17:41:03.0', '2022-06-23 09:15:36.0', 0, 'know_search'),
       (2139, 1, 1811, '2022-06-14 17:41:03.0', '2022-06-23 09:15:36.0', 0, 'know_search'),
       (2141, 1, 1813, '2022-06-14 17:41:03.0', '2022-06-23 09:15:36.0', 0, 'know_search'),
       (2143, 1, 1815, '2022-06-14 17:41:03.0', '2022-06-23 09:15:36.0', 0, 'know_search'),
       (2145, 1, 1817, '2022-06-14 17:41:03.0', '2022-06-23 09:15:36.0', 0, 'know_search'),
       (2147, 1, 1627, '2022-06-14 17:41:03.0', '2022-06-23 09:15:36.0', 0, 'know_search'),
       (2149, 1, 1819, '2022-06-14 17:41:03.0', '2022-06-23 09:15:36.0', 0, 'know_search'),
       (2151, 1, 1821, '2022-06-14 17:41:03.0', '2022-06-23 09:15:36.0', 0, 'know_search'),
       (2153, 1, 1629, '2022-06-14 17:41:03.0', '2022-06-23 09:15:36.0', 0, 'know_search'),
       (2155, 1, 1823, '2022-06-14 17:41:03.0', '2022-06-23 09:15:36.0', 0, 'know_search'),
       (2157, 1, 1825, '2022-06-14 17:41:03.0', '2022-06-23 09:15:36.0', 0, 'know_search'),
       (2159, 1, 1827, '2022-06-14 17:41:03.0', '2022-06-23 09:15:36.0', 0, 'know_search'),
       (2161, 1, 1829, '2022-06-14 17:41:03.0', '2022-06-23 09:15:36.0', 0, 'know_search'),
       (2163, 1, 1831, '2022-06-14 17:41:03.0', '2022-06-23 09:15:36.0', 0, 'know_search'),
       (2165, 1, 1631, '2022-06-14 17:41:03.0', '2022-06-23 09:15:36.0', 0, 'know_search'),
       (2167, 1, 1833, '2022-06-14 17:41:03.0', '2022-06-23 09:15:36.0', 0, 'know_search'),
       (2169, 1, 1835, '2022-06-14 17:41:03.0', '2022-06-23 09:15:36.0', 0, 'know_search'),
       (2171, 1, 1837, '2022-06-14 17:41:03.0', '2022-06-23 09:15:36.0', 0, 'know_search'),
       (2173, 1, 1839, '2022-06-14 17:41:03.0', '2022-06-23 09:15:36.0', 0, 'know_search'),
       (2175, 1, 1841, '2022-06-14 17:41:03.0', '2022-06-23 09:15:36.0', 0, 'know_search'),
       (2177, 1, 1633, '2022-06-14 17:41:03.0', '2022-06-23 09:15:36.0', 0, 'know_search'),
       (2179, 1, 1843, '2022-06-14 17:41:03.0', '2022-06-23 09:15:36.0', 0, 'know_search'),
       (2181, 1, 1845, '2022-06-14 17:41:03.0', '2022-06-23 09:15:36.0', 0, 'know_search'),
       (2183, 1, 1847, '2022-06-14 17:41:03.0', '2022-06-23 09:15:36.0', 0, 'know_search'),
       (2185, 1, 1849, '2022-06-14 17:41:03.0', '2022-06-23 09:15:36.0', 0, 'know_search'),
       (2187, 1, 1851, '2022-06-14 17:41:03.0', '2022-06-23 09:15:36.0', 0, 'know_search'),
       (2189, 1, 1635, '2022-06-14 17:41:03.0', '2022-06-23 09:15:36.0', 0, 'know_search'),
       (2191, 1, 1853, '2022-06-14 17:41:03.0', '2022-06-23 09:15:36.0', 0, 'know_search'),
       (2643, 1, 1595, '2022-06-17 16:39:23.0', '2022-06-24 11:51:51.0', 1, 'know_search'),
       (4505, 1, 1869, '2022-07-04 15:45:59.0', '2022-07-04 15:45:59.0', 0, 'know_search'),
       (4507, 1, 1871, '2022-07-04 15:46:56.0', '2022-07-04 15:46:56.0', 0, 'know_search'),
       (5275, 1, 1873, '2022-06-17 15:53:54.0', '2022-06-30 12:17:40.0', 0, 'know_search'),
       (5349, 1, 1875, '2022-06-17 15:53:54.0', '2022-06-30 12:17:40.0', 0, 'know_search'),
       (2193, 2, 1595, '2022-06-14 18:08:56.0', '2022-06-23 09:15:57.0', 0, 'know_search'),
       (2195, 2, 1663, '2022-06-14 18:08:56.0', '2022-06-23 09:15:57.0', 0, 'know_search'),
       (2197, 2, 1665, '2022-06-14 18:08:56.0', '2022-06-23 09:15:57.0', 0, 'know_search'),
       (2199, 2, 1667, '2022-06-14 18:08:56.0', '2022-06-23 09:15:57.0', 0, 'know_search'),
       (2201, 2, 1669, '2022-06-14 18:08:56.0', '2022-06-23 09:15:57.0', 0, 'know_search'),
       (2203, 2, 1671, '2022-06-14 18:08:56.0', '2022-06-23 09:15:57.0', 0, 'know_search'),
       (2205, 2, 1601, '2022-06-14 18:08:56.0', '2022-06-23 09:15:57.0', 0, 'know_search'),
       (2207, 2, 1689, '2022-06-14 18:08:56.0', '2022-06-23 09:15:57.0', 0, 'know_search'),
       (2209, 2, 1691, '2022-06-14 18:08:56.0', '2022-06-23 09:15:57.0', 0, 'know_search'),
       (2211, 2, 1693, '2022-06-14 18:08:56.0', '2022-06-23 09:15:57.0', 0, 'know_search'),
       (2213, 2, 1695, '2022-06-14 18:08:56.0', '2022-06-23 09:15:57.0', 0, 'know_search'),
       (2215, 2, 1697, '2022-06-14 18:08:56.0', '2022-06-23 09:15:57.0', 0, 'know_search'),
       (2217, 2, 1699, '2022-06-14 18:08:56.0', '2022-06-23 09:15:57.0', 0, 'know_search'),
       (2219, 2, 1605, '2022-06-14 18:08:56.0', '2022-06-23 09:15:57.0', 0, 'know_search'),
       (2221, 2, 1725, '2022-06-14 18:08:56.0', '2022-06-23 09:15:57.0', 0, 'know_search'),
       (2223, 2, 1727, '2022-06-14 18:08:56.0', '2022-06-23 09:15:57.0', 0, 'know_search'),
       (2225, 2, 1729, '2022-06-14 18:08:56.0', '2022-06-23 09:15:57.0', 0, 'know_search'),
       (2227, 2, 1731, '2022-06-14 18:08:56.0', '2022-06-23 09:15:57.0', 0, 'know_search'),
       (2229, 2, 1733, '2022-06-14 18:08:56.0', '2022-06-23 09:15:57.0', 0, 'know_search'),
       (2231, 2, 1735, '2022-06-14 18:08:56.0', '2022-06-23 09:15:57.0', 0, 'know_search'),
       (2233, 2, 1737, '2022-06-14 18:08:56.0', '2022-06-23 09:15:57.0', 0, 'know_search'),
       (2235, 2, 1739, '2022-06-14 18:08:56.0', '2022-06-23 09:15:57.0', 0, 'know_search'),
       (2237, 2, 1741, '2022-06-14 18:08:56.0', '2022-06-23 09:15:57.0', 0, 'know_search'),
       (2239, 2, 1743, '2022-06-14 18:08:56.0', '2022-06-23 09:15:57.0', 0, 'know_search'),
       (2241, 2, 1609, '2022-06-14 18:08:56.0', '2022-06-23 09:15:57.0', 0, 'know_search'),
       (2243, 2, 1757, '2022-06-14 18:08:56.0', '2022-06-23 09:15:57.0', 0, 'know_search'),
       (2245, 2, 1855, '2022-06-14 18:08:56.0', '2022-06-23 09:15:57.0', 0, 'know_search'),
       (2247, 2, 1857, '2022-06-14 18:08:56.0', '2022-06-23 09:15:57.0', 0, 'know_search'),
       (2249, 2, 1611, '2022-06-14 18:08:56.0', '2022-06-23 09:15:57.0', 0, 'know_search'),
       (2251, 2, 1759, '2022-06-14 18:08:56.0', '2022-06-23 09:15:57.0', 0, 'know_search'),
       (2253, 2, 1859, '2022-06-14 18:08:56.0', '2022-06-23 09:15:57.0', 0, 'know_search'),
       (2255, 2, 1861, '2022-06-14 18:08:56.0', '2022-06-23 09:15:57.0', 0, 'know_search'),
       (2257, 2, 1863, '2022-06-14 18:08:56.0', '2022-06-23 09:15:57.0', 0, 'know_search'),
       (2259, 2, 1865, '2022-06-14 18:08:56.0', '2022-06-23 09:15:57.0', 0, 'know_search'),
       (2261, 2, 1867, '2022-06-14 18:08:56.0', '2022-06-23 09:15:57.0', 0, 'know_search'),
       (2263, 2, 1613, '2022-06-14 18:08:56.0', '2022-06-23 09:15:57.0', 0, 'know_search'),
       (2265, 2, 1761, '2022-06-14 18:08:56.0', '2022-06-23 09:15:57.0', 0, 'know_search'),
       (2267, 2, 1615, '2022-06-14 18:08:56.0', '2022-07-19 19:18:42.0', 1, 'know_search'),
       (2269, 2, 1763, '2022-06-14 18:08:56.0', '2022-06-23 09:15:57.0', 0, 'know_search'),
       (2271, 2, 1617, '2022-06-14 18:08:56.0', '2022-06-23 09:15:57.0', 0, 'know_search'),
       (2273, 2, 1765, '2022-06-14 18:08:56.0', '2022-06-23 09:15:57.0', 0, 'know_search'),
       (2275, 2, 1767, '2022-06-14 18:08:56.0', '2022-06-23 09:15:57.0', 0, 'know_search'),
       (2277, 2, 1631, '2022-06-14 18:08:56.0', '2022-07-17 09:49:00.0', 0, 'know_search'),
       (2279, 2, 1833, '2022-06-14 18:08:56.0', '2022-06-23 09:15:57.0', 0, 'know_search'),
       (2281, 2, 1835, '2022-06-14 18:08:56.0', '2022-06-23 09:15:57.0', 0, 'know_search'),
       (2283, 2, 1837, '2022-06-14 18:08:56.0', '2022-06-23 09:15:57.0', 0, 'know_search'),
       (2285, 2, 1839, '2022-06-14 18:08:56.0', '2022-06-23 09:15:57.0', 0, 'know_search'),
       (2287, 2, 1841, '2022-06-14 18:08:56.0', '2022-07-18 16:05:42.0', 1, 'know_search'),
       (5277, 2, 1873, '2022-06-17 15:53:54.0', '2022-06-30 12:17:40.0', 0, 'know_search');


# --------------------------------------------------------------项目表-----------------------
-- auto-generated definition
create table logi_security_project
(
    id           int auto_increment comment '项目id'
        primary key,
    project_code varchar(128)                           not null comment '项目编号',
    project_name varchar(128)                           not null comment '项目名',
    description  varchar(512) default ''                not null comment '项目描述',
    dept_id      int                                    not null comment '部门id',
    running      tinyint(1)   default 1                 not null comment '启用 or 停用',
    create_time  timestamp    default CURRENT_TIMESTAMP null comment '创建时间',
    update_time  timestamp    default CURRENT_TIMESTAMP null on update CURRENT_TIMESTAMP comment '更新时间',
    is_delete    tinyint(1)   default 0                 not null comment '逻辑删除',
    app_name     varchar(16)                            null comment '应用名称'
)
    comment '项目表' charset = utf8;
insert into es_manager_test.logi_security_project (id, project_code, project_name, description, dept_id, running,
                                                   create_time, update_time, is_delete, app_name)
values (1, 'p14000143', 'superApp', '超级应用', 0, 1, '2022-05-26 05:49:08.0', '2022-07-25 09:28:50.0', 0, 'know_search');

# -----------------------------user
-- auto-generated definition
create table logi_security_user
(
    id          int auto_increment
        primary key,
    user_name   varchar(64)                            not null comment '用户账号',
    pw          varchar(2048)                          not null comment '用户密码',
    salt        char(5)      default ''                not null comment '密码盐',
    real_name   varchar(128) default ''                not null comment '真实姓名',
    phone       char(11)     default ''                not null comment 'mobile',
    email       varchar(30)  default ''                not null comment 'email',
    dept_id     int                                    null comment '所属部门id',
    is_delete   tinyint(1)   default 0                 not null comment '逻辑删除',
    create_time timestamp    default CURRENT_TIMESTAMP null comment '注册时间',
    update_time timestamp    default CURRENT_TIMESTAMP null on update CURRENT_TIMESTAMP comment '更新时间',
    app_name    varchar(16)                            null comment '应用名称'
)
    comment '用户信息' charset = utf8;
# 初始密码：admin
insert into es_manager_test.logi_security_user (id, user_name, pw, salt, real_name, phone, email, dept_id, is_delete,
                                                create_time, update_time, app_name)
values (1593, 'admin',
        'V1ZkU2RHRlhOVGRSUmxweFUycFNhR0V6ZEdKSk1FRjRVVU5PWkdaVmJ6SlZiWGh6WVVWQ09YdEFWbXBLTkdGcmUxc2pRREpBSTExOVNqWlNiR3hvUUgwPXtAVmpKNGFre1sjQDNAI119SjZSbGxoQH0=Mv{#cdRgJ45Lqx}3IubEW87!==',
        '', 'admin', '13900', '', null, 0, '2022-05-26 05:46:12.0', '2022-06-23 16:47:13.0', 'know_search');

# ---------------------------用户项目表
-- auto-generated definition
create table logi_security_user_project
(
    id          int auto_increment
        primary key,
    user_id     int                                   not null comment '用户id',
    project_id  int                                   not null comment '项目id',
    create_time timestamp   default CURRENT_TIMESTAMP null comment '创建时间',
    update_time timestamp   default CURRENT_TIMESTAMP null on update CURRENT_TIMESTAMP comment '更新时间',
    is_delete   tinyint(1)  default 0                 not null comment '逻辑删除',
    app_name    varchar(16)                           null comment '应用名称',
    user_type   tinyint(10) default 0                 not null comment '用户类型：0：普通项目用户；1：项目owner'
)
    comment '用户项目关系表（项目负责人）' charset = utf8;

insert into es_manager_test.logi_security_user_project (id, user_id, project_id, create_time, update_time, is_delete,
                                                        app_name, user_type)
values (2327, 1593, 1, '2022-07-08 18:19:51.0', '2022-07-08 18:19:51.0', 0, 'know_search', 1),
       (2329, 1593, 1, '2022-07-08 18:19:51.0', '2022-07-08 18:19:51.0', 0, 'know_search', 0);

# ------------------------------用户角色表------------------------------
-- auto-generated definition
create table logi_security_user_role
(
    id          int auto_increment
        primary key,
    user_id     int                                  not null comment '用户id',
    role_id     int                                  not null comment '角色id',
    create_time timestamp  default CURRENT_TIMESTAMP null comment '创建时间',
    update_time timestamp  default CURRENT_TIMESTAMP null on update CURRENT_TIMESTAMP comment '更新时间',
    is_delete   tinyint(1) default 0                 not null comment '逻辑删除',
    app_name    varchar(16)                          null comment '应用名称'
)
    comment '用户角色表' charset = utf8;

insert into es_manager_test.logi_security_user_role (id, user_id, role_id, create_time, update_time, is_delete, app_name)
values (2369, 1593, 1, '2022-07-19 16:29:44.0', '2022-07-19 16:29:44.0', 0, 'know_search');

# -----------------默认需要初始化的表
-- auto-generated definition
create table logi_security_config
(
    id          bigint unsigned auto_increment comment '主键自增'
        primary key,
    value_group varchar(100)  default ''                not null comment '配置项组',
    value_name  varchar(100)  default ''                not null comment '配置项名字',
    value       text                                    null comment '配置项的值',
    edit        int(4)        default 1                 not null comment '是否可以编辑 1 不可编辑（程序获取） 2 可编辑',
    status      int(4)        default 1                 not null comment '1 正常 2 禁用',
    memo        varchar(1000) default ''                not null comment '备注',
    create_time timestamp     default CURRENT_TIMESTAMP not null comment '创建时间',
    update_time timestamp     default CURRENT_TIMESTAMP not null on update CURRENT_TIMESTAMP comment '修改时间',
    is_delete   tinyint(1)    default 0                 not null comment '逻辑删除',
    app_name    varchar(16) collate utf8_bin            null comment '应用名称',
    operator    varchar(16) collate utf8_bin            null comment '操作者'
)
    comment 'logi配置项' charset = utf8;

create index idx_group_name
    on logi_security_config (value_group, value_name);

-- auto-generated definition
create table logi_security_dept
(
    id          int auto_increment
        primary key,
    dept_name   varchar(10)                          not null comment '部门名',
    parent_id   int                                  not null comment '父部门id',
    leaf        tinyint(1)                           not null comment '是否叶子部门',
    level       tinyint                              not null comment 'parentId为0的层级为1',
    description varchar(20)                          null comment '描述',
    create_time timestamp  default CURRENT_TIMESTAMP null comment '创建时间',
    update_time timestamp  default CURRENT_TIMESTAMP null on update CURRENT_TIMESTAMP comment '更新时间',
    is_delete   tinyint(1) default 0                 null comment '逻辑删除',
    app_name    varchar(16)                          null comment '应用名称'
)
    comment '部门信息表' charset = utf8;

-- auto-generated definition
create table logi_security_message
(
    id          int auto_increment
        primary key,
    title       varchar(60)                          not null comment '标题',
    content     varchar(256)                         null comment '内容',
    read_tag    tinyint(1) default 0                 null comment '是否已读',
    oplog_id    int                                  null comment '操作日志id',
    user_id     int                                  null comment '这条消息属于哪个用户的，用户id',
    create_time timestamp  default CURRENT_TIMESTAMP null comment '创建时间',
    update_time timestamp  default CURRENT_TIMESTAMP null on update CURRENT_TIMESTAMP comment '更新时间',
    is_delete   tinyint(1) default 0                 null comment '逻辑删除',
    app_name    varchar(16)                          null comment '应用名称'
)
    comment '消息中心' charset = utf8;

-- auto-generated definition
create table logi_security_oplog
(
    id                int auto_increment
        primary key,
    operator_ip       varchar(20)                            not null comment '操作者ip',
    operator          varchar(20)                            null comment '操作者账号',
    operate_page      varchar(16)                            null comment '操作页面',
    operate_type      varchar(16)                            not null comment '操作类型',
    target_type       varchar(16)                            not null comment '对象分类',
    target            varchar(20)                            not null comment '操作对象',
    detail            text                                   null comment '日志详情',
    create_time       timestamp    default CURRENT_TIMESTAMP null,
    update_time       timestamp    default CURRENT_TIMESTAMP null on update CURRENT_TIMESTAMP comment '更新时间',
    is_delete         tinyint(1)   default 0                 not null comment '逻辑删除',
    app_name          varchar(16)                            null comment '应用名称',
    operation_methods varchar(255) default ''                null
)
    comment '操作日志' charset = utf8;
-- auto-generated definition
create table logi_security_oplog_extra
(
    id          int auto_increment
        primary key,
    info        varchar(16)                          null comment '信息',
    type        tinyint                              not null comment '哪种信息：1：操作页面;2：操作类型;3：对象分类',
    create_time timestamp  default CURRENT_TIMESTAMP null comment '创建时间',
    update_time timestamp  default CURRENT_TIMESTAMP null on update CURRENT_TIMESTAMP comment '更新时间',
    is_delete   tinyint(1) default 0                 null comment '逻辑删除',
    app_name    varchar(16)                          null comment '应用名称'
)
    comment '操作日志信息（操作页面、操作类型、对象分类）' charset = utf8;

-- auto-generated definition
create table logi_security_resource_type
(
    id          int auto_increment
        primary key,
    type_name   varchar(16)                          null comment '资源类型名',
    create_time timestamp  default CURRENT_TIMESTAMP null comment '创建时间',
    update_time timestamp  default CURRENT_TIMESTAMP null on update CURRENT_TIMESTAMP comment '更新时间',
    is_delete   tinyint(1) default 0                 not null comment '逻辑删除',
    app_name    varchar(16)                          null comment '应用名称'
)
    comment '资源类型表' charset = utf8;
-- auto-generated definition
create table logi_security_user_resource
(
    id               int auto_increment
        primary key,
    user_id          int                                  not null comment '用户id',
    project_id       int                                  not null comment '资源所属项目id',
    resource_type_id int                                  not null comment '资源类别id',
    resource_id      int                                  not null comment '资源id',
    control_level    tinyint                              not null comment '管理级别：1（查看权限）2（管理权限）',
    create_time      timestamp  default CURRENT_TIMESTAMP null comment '创建时间',
    update_time      timestamp  default CURRENT_TIMESTAMP null on update CURRENT_TIMESTAMP comment '更新时间',
    is_delete        tinyint(1) default 0                 not null comment '逻辑删除',
    app_name         varchar(16)                          null comment '应用名称'
)
    comment '用户和资源关系表' charset = utf8;

# ------------------------------项目关联es user核心数据
-- auto-generated definition
create table arius_es_user
(
    id                 bigint(10) unsigned auto_increment comment '主键 自增'
        primary key,
    index_exp          text                                    null comment '索引表达式',
    data_center        varchar(20)   default ''                not null comment '数据中心',
    is_root            tinyint       default 0                 not null comment '是都是超级用户 超级用户具有所有索引的访问权限 0 不是 1是',
    memo               varchar(1000) default ''                not null comment '备注',
    ip                 varchar(500)  default ''                not null comment '白名单ip地址',
    verify_code        varchar(50)   default ''                not null comment 'app验证码',
    is_active          tinyint(2)    default 1                 not null comment '1为可用，0不可用',
    query_threshold    int(10)       default 100               not null comment '限流值',
    cluster            varchar(100)  default ''                not null comment '查询集群',
    responsible        varchar(500)  default ''                null comment '责任人',
    search_type        tinyint       default 0                 not null comment '0表示app的查询请求需要app里配置的集群(一般配置的都是trib集群) 1表示app的查询请求必须只能访问一个模板',
    create_time        timestamp     default CURRENT_TIMESTAMP not null comment '创建时间',
    update_time        timestamp     default CURRENT_TIMESTAMP not null on update CURRENT_TIMESTAMP comment '修改时间',
    project_id         bigint(10)                              not null comment '项目id',
    is_default_display tinyint(2)    default 0                 not null comment '1：项目默认的es user；0:项目新增的es user'
)
    comment 'es操作用户表' charset = utf8;

insert into es_manager_test.arius_es_user (id, index_exp, data_center, is_root, memo, ip, verify_code, is_active,
                                           query_threshold, cluster, search_type, create_time, update_time, project_id,
                                           is_default_display)
values (1, null, 'cn', 1, '管理员APP', '', 'azAWiJhxkho33ac', 1, 100, 'logi-elasticsearch-7.6.0', 1,
        '2022-05-26 09:35:38.0', '2022-06-23 00:16:47.0', 1, 1),
       (233, null, 'cn', 0, '新增', '', 'vkDgPEfD3jQJ1YY', 1, 1000, '', 2, '2022-07-05 08:16:17.0',
        '2022-07-05 08:16:17.0', 1, 0);
# 项目配置信息
-- auto-generated definition
create table project_arius_config
(
    project_id              bigint(10) unsigned auto_increment comment 'project id'
        primary key,
    analyze_response_enable tinyint       default 1                 not null comment '响应结果解析开关 默认是0：关闭，1：开启',
    is_source_separated     tinyint       default 0                 not null comment '是否是索引存储分离的 0 不是 1 是',
    aggr_analyze_enable     tinyint       default 1                 not null comment '1 生效 0 不生效',
    dsl_analyze_enable      tinyint(2)    default 1                 not null comment '1为生效dsl分析查询限流值，0不生效dsl分析查询限流值',
    slow_query_times        int(10)       default 100               not null comment '慢查询耗时',
    is_active               tinyint(2)    default 1                 not null comment '1为可用，0不可用',
    memo                    varchar(1000) default ''                not null comment '备注',
    create_time             timestamp     default CURRENT_TIMESTAMP not null comment '创建时间',
    update_time             timestamp     default CURRENT_TIMESTAMP not null on update CURRENT_TIMESTAMP comment '修改时间'
)
    comment '项目配置' charset = utf8;

insert into es_manager_test.project_arius_config (project_id, analyze_response_enable, is_source_separated,
                                                  aggr_analyze_enable, dsl_analyze_enable, slow_query_times, is_active,
                                                  memo, create_time, update_time)
values (1, 1, 0, 1, 1, 8, 1, '超级应1用11', '2022-06-14 18:52:08.0', '2022-07-08 18:19:51.0');